,covariates,DQCT,SQCA,SQCA_RR10,SQCT
1,log_exp,0.626139247613093,0.529183794922167,0.578557774182992,0.624098344596523
2,log_exp+pKa,0.660240267738248,0.622240165247671,0.615211770796606,0.647660553345138
3,log_exp+pka+st_scales,0.667072500549777,0.64135715469284,0.606385433003419,0.643747522691722
4,log_exp+pka+t_scales,0.669259620287394,0.651634258482681,0.636879629856592,0.65449119027101
5,log_exp+st_scales,0.67096319702325,0.636783978962912,0.60158901090254,0.646889729826014
6,log_exp+t_scales,0.663152062307041,0.660460324181408,0.646093314462373,0.648970605642268
7,pKa,0.45328448756755,0.474413150965052,0.43632329498199,0.434707020341371
8,st_scales,0.489963050857585,0.511670663021352,0.500464377510723,0.508566167683648
9,t_scales,0.557697828116039,0.579944106243537,0.552498393968259,0.552081155251852
